count,mean,std,var,min,q25,median,q75,max,skew,kurtosis
1095,0.0002922830071546014,0.004473091692808242,2.0008549292270105e-05,-0.018004310048881145,-0.0012827325970716785,0.0,0.001962384433659037,0.03628432663315184,0.808331303637531,6.962878282378039
