count,mean,std,var,min,q25,median,q75,max,skew,kurtosis
1096,42.43237017099618,3.4527913369067833,11.921768016218532,35.05654362134926,39.59773465753676,42.05892704990758,45.154691070421606,50.803232960605534,0.22816758228942674,-0.9508002157599957
