count,mean,std,var,min,q25,median,q75,max,skew,kurtosis
1096,42.395014507299265,3.4074979752942034,11.611042451634095,35.4587,39.54615,42.2789,44.8467,49.4093,0.2356775803893486,-0.8757536322019641
