count,mean,std,var,min,q25,median,q75,max,skew,kurtosis
1096,5.925511500773098e-15,1.138622352206169,1.296460860943509,-2.7271383134614524,-0.9526813656313742,0.1850441987955449,0.8127669828902384,2.5497384655193827,-0.313470274844291,-0.6498208862138091
