count,mean,std,var,min,q25,median,q75,max,skew,kurtosis
1096,0.03740649361293559,1.1118408209381663,1.2361900111044555,-3.690579442877713,-0.700556073117184,0.041711739098722944,0.7456981756842005,4.386806192308832,0.08326774141962427,0.06665443283876105
