count,mean,std,var,min,q25,median,q75,max,skew,kurtosis
1096,0.03735566369691496,1.1103299930004114,1.2328326933562934,-3.6855644889168175,-0.6996041205828547,0.04165505898810906,0.7446848816805218,4.380845168727042,0.0832677414196244,0.06665443283876371
