count,mean,std,var,min,q25,median,q75,max,skew,kurtosis
1096,42.42066944981731,3.4541616564211637,11.931232748690197,35.033795776168404,39.58574085041698,42.05087187877116,45.14320383648773,50.78909022413454,0.22553227956183658,-0.9513351379425004
