count,mean,std,var,min,q25,median,q75,max,skew,kurtosis
1096,5.455685840477877,0.29747532593463005,0.08849156953991438,4.722086823221534,5.223223429878263,5.429248092785153,5.676462773599656,6.263758902827842,0.2699963036343405,-0.6820043237045752
