count,mean,std,var,min,q25,median,q75,max,skew,kurtosis
1096,0.005055913470577646,0.1502779448382522,0.02258346070480877,-0.49882382756015353,-0.09468812884852773,0.005637816411576235,0.10078959793621123,0.592926799024692,0.08326774141963177,0.06665443283878325
