count,mean,std,var,min,q25,median,q75,max,skew,kurtosis
1096,0.009104079783522338,0.27060241585744543,0.07322566746788582,-0.8982218446645573,-0.17050297332064934,0.010151900485257492,0.18148976367892145,1.0676711370749121,0.08326774141963438,0.0666544328389751
