count,mean,std,var,min,q25,median,q75,max,skew,kurtosis
1096,9.670434006790822,1.1068067742551824,1.2250212355371624,7.2744787977232,8.780705114064267,9.680579744477786,10.600179510101867,11.96057728563651,-0.06375015042899021,-1.0588095275212686
