count,mean,std,var,min,q25,median,q75,max,skew,kurtosis
1095,0.00011301827097428374,0.0017371994154098895,3.017861808900462e-06,-0.008235070469391093,0.0,0.0,0.0,0.00964927670297766,0.5309035078920515,4.590555504858279
