count,mean,std,var,min,q25,median,q75,max,skew,kurtosis
1096,39.04586198949065,2.3194245142551737,5.379730077327848,33.61625127381794,37.19792041636439,38.96640145800663,40.9247526970318,44.48373190512242,0.05465486890141004,-0.9246273603235848
