count,mean,std,var,min,q25,median,q75,max,skew,kurtosis
1096,39.050208394016614,2.3192544078429598,5.378941008298999,33.612615241042064,37.20178523176077,38.97586631653229,40.9299971384218,44.47757858004546,0.049385479451981795,-0.9244142240451452
