count,mean,std,var,min,q25,median,q75,max,skew,kurtosis
1096,0.028716186570943315,0.8535370564576198,0.728525506746338,-2.8331810228360936,-0.5378023160067436,0.03202123392141587,0.572456968563765,3.367659807160301,0.08326774141961465,0.06665443283866868
