count,mean,std,var,min,q25,median,q75,max,skew,kurtosis
1096,39.02147883211679,2.287185100796376,5.231215685304929,36.0143,36.5686,39.04905,41.3724,42.2841,0.016690869592282585,-1.8175636976598724
