count,mean,std,var,min,q25,median,q75,max,skew,kurtosis
1096,-4.797460077212355e-15,0.8740966805831489,0.7640450070064795,-2.130612445298304,-0.6260430381180697,0.003693192981700122,0.8183592896832526,1.7517074586283172,-0.2363498268877488,-0.8615375565851142
