count,mean,std,var,min,q25,median,q75,max,skew,kurtosis
1096,0.028729561899827415,0.8539346140891324,0.7292043251395555,-2.8345006524044223,-0.5380528117686207,0.032036148664193576,0.5727236056530032,3.3692283844660693,0.0832677414196135,0.06665443283866646
